architect_name,registration_number,city,valid_upto,source_url,extracted_at
"Ms. MANASI MAHESH THITE",CA/2022/154485,Pune,31/12/2023,https://coa.gov.in/staging/default_arch.php?lang=1&level=0&lid=273&linkid=46&page=888,2026-10-05
"Ms. SRUTHI ROSE",CA/2023/154487,Coimbatore,31/12/2024,https://coa.gov.in/staging/default_arch.php?lang=1&level=0&lid=273&linkid=46&page=888,2026-10-05
"Mr. Vishal Manish Meera Doshi",CA/2023/154488,Mumbai,31/12/2024,https://coa.gov.in/staging/default_arch.php?lang=1&level=0&lid=273&linkid=46&page=888,2026-10-05
"Ms. SUSHMA R",CA/2023/154489,Kanyakumari,31/12/2024,https://coa.gov.in/staging/default_arch.php?lang=1&level=0&lid=273&linkid=46&page=888,2026-10-05
"Mr. PARTH PRAMOD PURVA TAKALE",CA/2023/154490,Chiplun,31/12/2024,https://coa.gov.in/staging/default_arch.php?lang=1&level=0&lid=273&linkid=46&page=888,2026-10-05
"Ms. KHUSBOO DEEPAK KESARI",CA/2023/154491,Agra,31/12/2024,https://coa.gov.in/staging/default_arch.php?lang=1&level=0&lid=273&linkid=46&page=888,2026-10-05
"Mr. KARAN L",CA/2023/154492,Thiruvarur,31/12/2024,https://coa.gov.in/staging/default_arch.php?lang=1&level=0&lid=273&linkid=46&page=888,2026-10-05
"Ms. SHALINI NIVETHA D",CA/2023/154493,Thanjavur,31/12/2024,https://coa.gov.in/staging/default_arch.php?lang=1&level=0&lid=273&linkid=46&page=888,2026-10-05
"Ms. Kalyani Menon",CA/2023/154494,Ernakulam,31/12/2024,https://coa.gov.in/staging/default_arch.php?lang=1&level=0&lid=273&linkid=46&page=888,2026-10-05
"Mr. DARSHIL PRAMIT LEENA GOGRI",CA/2023/154495,Thane,31/12/2024,https://coa.gov.in/staging/default_arch.php?lang=1&level=0&lid=273&linkid=46&page=888,2026-10-05
"Ms. Shweta Harishbhai Sharma",CA/2023/154496,Vasad,31/12/2024,https://coa.gov.in/staging/default_arch.php?lang=1&level=0&lid=273&linkid=46&page=888,2026-10-05
"Ms. Palak Chauhan",CA/2023/154497,Mohali,31/12/2024,https://coa.gov.in/staging/default_arch.php?lang=1&level=0&lid=273&linkid=46&page=888,2026-10-05
"Mrs. Bhavana Shrinivas Jangale",CA/2023/154498,Belgaum,31/12/2024,https://coa.gov.in/staging/default_arch.php?lang=1&level=0&lid=273&linkid=46&page=888,2026-10-05
"Mr. HARIHARAN S",CA/2023/154499,Chennai,31/12/2024,https://coa.gov.in/staging/default_arch.php?lang=1&level=0&lid=273&linkid=46&page=888,2026-10-05
"Mr. SPARSH JAIN",CA/2023/154500,Narsinghpur,31/12/2024,https://coa.gov.in/staging/default_arch.php?lang=1&level=0&lid=273&linkid=46&page=888,2026-10-05
"Ms. TANVI PANKAJ PATEL",CA/2023/154501,Mumbai,31/12/2024,https://coa.gov.in/staging/default_arch.php?lang=1&level=0&lid=273&linkid=46&page=888,2026-10-05
"Ms. ANKITA PARNA BARMAN",CA/2023/154502,Guwahati,31/12/2024,https://coa.gov.in/staging/default_arch.php?lang=1&level=0&lid=273&linkid=46&page=888,2026-10-05
"Mr. JEETHESH KUMAR U",CA/2023/154503,Chennai,31/12/2024,https://coa.gov.in/staging/default_arch.php?lang=1&level=0&lid=273&linkid=46&page=888,2026-10-05
"Ms. MOHITA",CA/2023/154504,Ludhiana,31/12/2024,https://coa.gov.in/staging/default_arch.php?lang=1&level=0&lid=273&linkid=46&page=888,2026-10-05
"Ms. KRUPA NIDHI",CA/2023/154505,Bangalore,31/12/2024,https://coa.gov.in/staging/default_arch.php?lang=1&level=0&lid=273&linkid=46&page=888,2026-10-05
"Ms. J APARNA",CA/2023/154506,Bangalore,31/12/2024,https://coa.gov.in/staging/default_arch.php?lang=1&level=0&lid=273&linkid=46&page=888,2026-10-05
"Ms. Jayasri Arunachalam",CA/2023/154507,Chennai,31/12/2024,https://coa.gov.in/staging/default_arch.php?lang=1&level=0&lid=273&linkid=46&page=888,2026-10-05
"Ms. VAISHNAVI PRASHANT AASAWARI SHELKE",CA/2023/154508,Thane,31/12/2024,https://coa.gov.in/staging/default_arch.php?lang=1&level=0&lid=273&linkid=46&page=888,2026-10-05
"Ms. Kajal Kumari",CA/2023/154509,Kangra,31/12/2024,https://coa.gov.in/staging/default_arch.php?lang=1&level=0&lid=273&linkid=46&page=888,2026-10-05
"Mr. Sharang Verma",CA/2023/154510,Noida,31/12/2024,https://coa.gov.in/staging/default_arch.php?lang=1&level=0&lid=273&linkid=46&page=888,2026-10-05
"Ms. AZRA RAZZAQUE",CA/2023/154511,Bulandshahr,31/12/2024,https://coa.gov.in/staging/default_arch.php?lang=1&level=0&lid=273&linkid=46&page=888,2026-10-05
"Mr. DHANUSH H N",CA/2023/154512,Chickmagalur,31/12/2024,https://coa.gov.in/staging/default_arch.php?lang=1&level=0&lid=273&linkid=46&page=888,2026-10-05
"Ms. SRUTEE BHUT",CA/2023/154513,Faridabad,31/12/2024,https://coa.gov.in/staging/default_arch.php?lang=1&level=0&lid=273&linkid=46&page=888,2026-10-05
"Ms. POOJA T G",CA/2023/154514,Mysore,31/12/2024,https://coa.gov.in/staging/default_arch.php?lang=1&level=0&lid=273&linkid=46&page=888,2026-10-05
"Mr. KUNWARDEEP SINGH",CA/2023/154515,Jalandhar,31/12/2024,https://coa.gov.in/staging/default_arch.php?lang=1&level=0&lid=273&linkid=46&page=888,2026-10-05
"Mr. Amit Kumar Sharma",CA/2023/154516,Shimla,31/12/2024,https://coa.gov.in/staging/default_arch.php?lang=1&level=0&lid=273&linkid=46&page=888,2026-10-05
"Ms. Unnati Bhalachandra Bhelonde",CA/2023/154517,Washim,31/12/2024,https://coa.gov.in/staging/default_arch.php?lang=1&level=0&lid=273&linkid=46&page=888,2026-10-05
"Mr. Shrut Rajankumar Shah",CA/2023/154518,Surat,31/12/2024,https://coa.gov.in/staging/default_arch.php?lang=1&level=0&lid=273&linkid=46&page=888,2026-10-05
"Mr. ROHAN RAJARAM ATOLE",CA/2023/154519,Baramati,31/12/2024,https://coa.gov.in/staging/default_arch.php?lang=1&level=0&lid=273&linkid=46&page=888,2026-10-05
"Mr. DANISH SIKKANDER P T",CA/2023/154520,Kozhikode,31/12/2024,https://coa.gov.in/staging/default_arch.php?lang=1&level=0&lid=273&linkid=46&page=888,2026-10-05
"Mr. Soumya Sarkar",CA/2023/154521,North 24 Parganas,31/12/2024,https://coa.gov.in/staging/default_arch.php?lang=1&level=0&lid=273&linkid=46&page=888,2026-10-05
"Mr. NANDAKISHORE RAVIKUMAR",CA/2023/154522,Thrissur,31/12/2024,https://coa.gov.in/staging/default_arch.php?lang=1&level=0&lid=273&linkid=46&page=888,2026-10-05
"Mr. Prince Poddar",CA/2023/154523,Kolkata,31/12/2024,https://coa.gov.in/staging/default_arch.php?lang=1&level=0&lid=273&linkid=46&page=888,2026-10-05
"Ms. PAMELA BARUA",CA/2023/154524,Sonarpur,31/12/2024,https://coa.gov.in/staging/default_arch.php?lang=1&level=0&lid=273&linkid=46&page=888,2026-10-05
"Ms. NITHA SHAHUL M C",CA/2023/154525,Kozhikode,31/12/2024,https://coa.gov.in/staging/default_arch.php?lang=1&level=0&lid=273&linkid=46&page=888,2026-10-05
"Mr. ISAAC JOSHUA G",CA/2023/154526,Thanjavur,31/12/2024,https://coa.gov.in/staging/default_arch.php?lang=1&level=0&lid=273&linkid=46&page=888,2026-10-05
"Ms. AARTHI M",CA/2023/154527,Chennai,31/12/2024,https://coa.gov.in/staging/default_arch.php?lang=1&level=0&lid=273&linkid=46&page=888,2026-10-05
"Mr. KODURU SUNEEL KUMAR",CA/2023/154528,Nellore,31/12/2024,https://coa.gov.in/staging/default_arch.php?lang=1&level=0&lid=273&linkid=46&page=888,2026-10-05
"Ms. Asmita Madan",CA/2023/154529,Gwalior,31/12/2024,https://coa.gov.in/staging/default_arch.php?lang=1&level=0&lid=273&linkid=46&page=888,2026-10-05
"Mr. Akshay Sharma",CA/2023/154530,Jabalpur,31/12/2024,https://coa.gov.in/staging/default_arch.php?lang=1&level=0&lid=273&linkid=46&page=888,2026-10-05
"Ms. PAKHI JAIN",CA/2023/154531,Raipur,31/12/2024,https://coa.gov.in/staging/default_arch.php?lang=1&level=0&lid=273&linkid=46&page=888,2026-10-05
"Mr. MIHIR RAMESH SUJATA JAISWAL",CA/2023/154532,Aurangabad,31/12/2024,https://coa.gov.in/staging/default_arch.php?lang=1&level=0&lid=273&linkid=46&page=888,2026-10-05
"Ms. Vanlalrinchhani",CA/2023/154533,Lucknow,31/12/2024,https://coa.gov.in/staging/default_arch.php?lang=1&level=0&lid=273&linkid=46&page=888,2026-10-05
"Mr. Swapnil Kumar Kaiwart",CA/2023/154534,Raipur,31/12/2024,https://coa.gov.in/staging/default_arch.php?lang=1&level=0&lid=273&linkid=46&page=888,2026-10-05
"Ms. SAMIKSHA VISHNU VAISHALI GODSE",CA/2023/154535,Nashik,31/12/2024,https://coa.gov.in/staging/default_arch.php?lang=1&level=0&lid=273&linkid=46&page=888,2026-10-05
